observation_id,trial,domain_number,domain,consensus
1,Barcelo (2010),1,Eligibility,4
2,Brown (1999),1,Eligibility,5
3,Campbell (2001),1,Eligibility,5
4,Clay-Williams (2013),1,Eligibility,4
5,Fransen (2013),1,Eligibility,5
6,Frengley (2011),1,Eligibility,5
7,Fritz (2017),1,Eligibility,3
8,Fukui (2019),1,Eligibility,5
9,Helitzer (2011),1,Eligibility,5
10,Koerner (2014),1,Eligibility,4
11,Languerrand (2020),1,Eligibility,4
12,Nielsen (2007),1,Eligibility,5
13,Pasay (2019),1,Eligibility,6
14,Pieper (2016),1,Eligibility,3
15,Riley (2011),1,Eligibility,5
16,Robling (2012),1,Eligibility,1
17,Romjin (2019),1,Eligibility,4
18,Sagahutu (2020),1,Eligibility,5
19,Sorensen (2015),1,Eligibility,4
20,Strasser (2008),1,Eligibility,4
21,Strauven (2019),1,Eligibility,5
22,Thompson (2000A),1,Eligibility,3
23,Thompson (2000B),1,Eligibility,5
24,Zattoni (2017),1,Eligibility,5
25,Barcelo (2010),2,Recruitment,5
26,Brown (1999),2,Recruitment,4
27,Campbell (2001),2,Recruitment,5
28,Clay-Williams (2013),2,Recruitment,6
29,Fransen (2013),2,Recruitment,5
30,Frengley (2011),2,Recruitment,6
31,Fritz (2017),2,Recruitment,5
32,Fukui (2019),2,Recruitment,3
33,Helitzer (2011),2,Recruitment,6
34,Koerner (2014),2,Recruitment,5
35,Languerrand (2020),2,Recruitment,5
36,Nielsen (2007),2,Recruitment,5
37,Pasay (2019),2,Recruitment,5
38,Pieper (2016),2,Recruitment,4
39,Riley (2011),2,Recruitment,5
40,Robling (2012),2,Recruitment,3
41,Romjin (2019),2,Recruitment,5
42,Sagahutu (2020),2,Recruitment,4
43,Sorensen (2015),2,Recruitment,4
44,Strasser (2008),2,Recruitment,5
45,Strauven (2019),2,Recruitment,6
46,Thompson (2000A),2,Recruitment,4
47,Thompson (2000B),2,Recruitment,5
48,Zattoni (2017),2,Recruitment,6
49,Barcelo (2010),3,Setting,5
50,Brown (1999),3,Setting,3
51,Campbell (2001),3,Setting,4
52,Clay-Williams (2013),3,Setting,5
53,Fransen (2013),3,Setting,5
54,Frengley (2011),3,Setting,3
55,Fritz (2017),3,Setting,4
56,Fukui (2019),3,Setting,4
57,Helitzer (2011),3,Setting,4
58,Koerner (2014),3,Setting,5
59,Languerrand (2020),3,Setting,5
60,Nielsen (2007),3,Setting,3
61,Pasay (2019),3,Setting,5
62,Pieper (2016),3,Setting,3
63,Riley (2011),3,Setting,4
64,Robling (2012),3,Setting,5
65,Romjin (2019),3,Setting,5
66,Sagahutu (2020),3,Setting,5
67,Sorensen (2015),3,Setting,2
68,Strasser (2008),3,Setting,4
69,Strauven (2019),3,Setting,5
70,Thompson (2000A),3,Setting,4
71,Thompson (2000B),3,Setting,3
72,Zattoni (2017),3,Setting,4
73,Barcelo (2010),4,Organization,3
74,Brown (1999),4,Organization,4
75,Campbell (2001),4,Organization,5
76,Clay-Williams (2013),4,Organization,5
77,Fransen (2013),4,Organization,4
78,Frengley (2011),4,Organization,5
79,Fritz (2017),4,Organization,5
80,Fukui (2019),4,Organization,4
81,Helitzer (2011),4,Organization,3
82,Koerner (2014),4,Organization,5
83,Languerrand (2020),4,Organization,5
84,Nielsen (2007),4,Organization,3
85,Pasay (2019),4,Organization,5
86,Pieper (2016),4,Organization,2
87,Riley (2011),4,Organization,5
88,Robling (2012),4,Organization,4
89,Romjin (2019),4,Organization,5
90,Sagahutu (2020),4,Organization,3
91,Sorensen (2015),4,Organization,4
92,Strasser (2008),4,Organization,4
93,Strauven (2019),4,Organization,5
94,Thompson (2000A),4,Organization,3
95,Thompson (2000B),4,Organization,5
96,Zattoni (2017),4,Organization,4
97,Barcelo (2010),5,Flexibility in Delivery,5
98,Brown (1999),5,Flexibility in Delivery,4
99,Campbell (2001),5,Flexibility in Delivery,5
100,Clay-Williams (2013),5,Flexibility in Delivery,5
101,Fransen (2013),5,Flexibility in Delivery,5
102,Frengley (2011),5,Flexibility in Delivery,5
103,Fritz (2017),5,Flexibility in Delivery,5
104,Fukui (2019),5,Flexibility in Delivery,5
105,Helitzer (2011),5,Flexibility in Delivery,5
106,Koerner (2014),5,Flexibility in Delivery,5
107,Languerrand (2020),5,Flexibility in Delivery,5
108,Nielsen (2007),5,Flexibility in Delivery,5
109,Pasay (2019),5,Flexibility in Delivery,5
110,Pieper (2016),5,Flexibility in Delivery,2
111,Riley (2011),5,Flexibility in Delivery,5
112,Robling (2012),5,Flexibility in Delivery,5
113,Romjin (2019),5,Flexibility in Delivery,5
114,Sagahutu (2020),5,Flexibility in Delivery,5
115,Sorensen (2015),5,Flexibility in Delivery,5
116,Strasser (2008),5,Flexibility in Delivery,4
117,Strauven (2019),5,Flexibility in Delivery,5
118,Thompson (2000A),5,Flexibility in Delivery,3
119,Thompson (2000B),5,Flexibility in Delivery,5
120,Zattoni (2017),5,Flexibility in Delivery,5
121,Barcelo (2010),6,Flexibility in Adherence,5
122,Brown (1999),6,Flexibility in Adherence,5
123,Campbell (2001),6,Flexibility in Adherence,5
124,Clay-Williams (2013),6,Flexibility in Adherence,7
125,Fransen (2013),6,Flexibility in Adherence,7
126,Frengley (2011),6,Flexibility in Adherence,7
127,Fritz (2017),6,Flexibility in Adherence,5
128,Fukui (2019),6,Flexibility in Adherence,7
129,Helitzer (2011),6,Flexibility in Adherence,7
130,Koerner (2014),6,Flexibility in Adherence,4
131,Languerrand (2020),6,Flexibility in Adherence,5
132,Nielsen (2007),6,Flexibility in Adherence,5
133,Pasay (2019),6,Flexibility in Adherence,5
134,Pieper (2016),6,Flexibility in Adherence,5
135,Riley (2011),6,Flexibility in Adherence,5
136,Robling (2012),6,Flexibility in Adherence,5
137,Romjin (2019),6,Flexibility in Adherence,5
138,Sagahutu (2020),6,Flexibility in Adherence,5
139,Sorensen (2015),6,Flexibility in Adherence,7
140,Strasser (2008),6,Flexibility in Adherence,5
141,Strauven (2019),6,Flexibility in Adherence,5
142,Thompson (2000A),6,Flexibility in Adherence,5
143,Thompson (2000B),6,Flexibility in Adherence,5
144,Zattoni (2017),6,Flexibility in Adherence,5
145,Barcelo (2010),7,Follow-up,5
146,Brown (1999),7,Follow-up,4
147,Campbell (2001),7,Follow-up,3
148,Clay-Williams (2013),7,Follow-up,2
149,Fransen (2013),7,Follow-up,3
150,Frengley (2011),7,Follow-up,3
151,Fritz (2017),7,Follow-up,4
152,Fukui (2019),7,Follow-up,5
153,Helitzer (2011),7,Follow-up,3
154,Koerner (2014),7,Follow-up,5
155,Languerrand (2020),7,Follow-up,5
156,Nielsen (2007),7,Follow-up,3
157,Pasay (2019),7,Follow-up,5
158,Pieper (2016),7,Follow-up,4
159,Riley (2011),7,Follow-up,5
160,Robling (2012),7,Follow-up,4
161,Romjin (2019),7,Follow-up,5
162,Sagahutu (2020),7,Follow-up,5
163,Sorensen (2015),7,Follow-up,2
164,Strasser (2008),7,Follow-up,5
165,Strauven (2019),7,Follow-up,3
166,Thompson (2000A),7,Follow-up,5
167,Zattoni (2017),7,Follow-up,5
168,Barcelo (2010),8,Primary Outcome,4
169,Brown (1999),8,Primary Outcome,4
170,Campbell (2001),8,Primary Outcome,2
171,Clay-Williams (2013),8,Primary Outcome,2
172,Fransen (2013),8,Primary Outcome,3
173,Frengley (2011),8,Primary Outcome,3
174,Fritz (2017),8,Primary Outcome,4
175,Fukui (2019),8,Primary Outcome,3
176,Helitzer (2011),8,Primary Outcome,1
177,Koerner (2014),8,Primary Outcome,3
178,Languerrand (2020),8,Primary Outcome,5
179,Nielsen (2007),8,Primary Outcome,4
180,Pasay (2019),8,Primary Outcome,4
181,Pieper (2016),8,Primary Outcome,5
182,Riley (2011),8,Primary Outcome,4
183,Robling (2012),8,Primary Outcome,4
184,Romjin (2019),8,Primary Outcome,5
185,Sagahutu (2020),8,Primary Outcome,3
186,Sorensen (2015),8,Primary Outcome,3
187,Strasser (2008),8,Primary Outcome,5
188,Strauven (2019),8,Primary Outcome,4
189,Thompson (2000A),8,Primary Outcome,5
190,Zattoni (2017),8,Primary Outcome,4
191,Barcelo (2010),9,Primary Analysis,6
192,Brown (1999),9,Primary Analysis,3
193,Campbell (2001),9,Primary Analysis,6
194,Clay-Williams (2013),9,Primary Analysis,1
195,Fransen (2013),9,Primary Analysis,5
196,Frengley (2011),9,Primary Analysis,4
197,Fritz (2017),9,Primary Analysis,5
198,Fukui (2019),9,Primary Analysis,5
199,Helitzer (2011),9,Primary Analysis,3
200,Koerner (2014),9,Primary Analysis,2
201,Languerrand (2020),9,Primary Analysis,3
202,Nielsen (2007),9,Primary Analysis,5
203,Pasay (2019),9,Primary Analysis,5
204,Pieper (2016),9,Primary Analysis,2
205,Riley (2011),9,Primary Analysis,5
206,Robling (2012),9,Primary Analysis,5
207,Romjin (2019),9,Primary Analysis,5
208,Sagahutu (2020),9,Primary Analysis,4
209,Sorensen (2015),9,Primary Analysis,4
210,Strasser (2008),9,Primary Analysis,3
211,Strauven (2019),9,Primary Analysis,2
212,Thompson (2000A),9,Primary Analysis,4
213,Zattoni (2017),9,Primary Analysis,5
214,Barcelo (2010),10,Comparator,5
215,Brown (1999),10,Comparator,5
216,Campbell (2001),10,Comparator,5
217,Clay-Williams (2013),10,Comparator,5
218,Fransen (2013),10,Comparator,5
219,Frengley (2011),10,Comparator,4
220,Fritz (2017),10,Comparator,5
221,Fukui (2019),10,Comparator,5
222,Helitzer (2011),10,Comparator,5
223,Koerner (2014),10,Comparator,5
224,Languerrand (2020),10,Comparator,4
225,Nielsen (2007),10,Comparator,4
226,Pasay (2019),10,Comparator,5
227,Pieper (2016),10,Comparator,2
228,Riley (2011),10,Comparator,5
229,Robling (2012),10,Comparator,4
230,Romjin (2019),10,Comparator,4
231,Sagahutu (2020),10,Comparator,2
232,Sorensen (2015),10,Comparator,4
233,Strasser (2008),10,Comparator,2
234,Strauven (2019),10,Comparator,4
235,Thompson (2000A),10,Comparator,5
236,Thompson (2000B),10,Comparator,5
237,Zattoni (2017),10,Comparator,4
