"domain_number","domain","Definition","Agreements","Total","Crude_Agreement"
1,"Eligibility","Total",13,24,0.541666666666667
1,"Eligibility","Range",17,24,0.708333333333333
1,"Eligibility","Censored",12,22,0.545454545454545
1,"Eligibility","Bucketed",15,24,0.625
2,"Recruitment","Total",13,24,0.541666666666667
2,"Recruitment","Range",18,24,0.75
2,"Recruitment","Censored",10,17,0.588235294117647
2,"Recruitment","Bucketed",17,24,0.708333333333333
3,"Setting","Total",13,24,0.541666666666667
3,"Setting","Range",19,24,0.791666666666667
3,"Setting","Censored",13,24,0.541666666666667
3,"Setting","Bucketed",17,24,0.708333333333333
4,"Organization","Total",10,24,0.416666666666667
4,"Organization","Range",17,24,0.708333333333333
4,"Organization","Censored",10,24,0.416666666666667
4,"Organization","Bucketed",16,24,0.666666666666667
5,"Flexibility in Delivery","Total",16,24,0.666666666666667
5,"Flexibility in Delivery","Range",20,24,0.833333333333333
5,"Flexibility in Delivery","Censored",16,24,0.666666666666667
5,"Flexibility in Delivery","Bucketed",20,24,0.833333333333333
6,"Flexibility in Adherence","Total",10,24,0.416666666666667
6,"Flexibility in Adherence","Range",11,24,0.458333333333333
6,"Flexibility in Adherence","Censored",10,15,0.666666666666667
6,"Flexibility in Adherence","Bucketed",11,24,0.458333333333333
7,"Follow-up","Total",12,23,0.521739130434783
7,"Follow-up","Range",17,23,0.739130434782609
7,"Follow-up","Censored",12,22,0.545454545454545
7,"Follow-up","Bucketed",14,23,0.608695652173913
8,"Primary Outcome","Total",10,23,0.434782608695652
8,"Primary Outcome","Range",15,23,0.652173913043478
8,"Primary Outcome","Censored",10,23,0.434782608695652
8,"Primary Outcome","Bucketed",13,23,0.565217391304348
9,"Primary Analysis","Total",7,23,0.304347826086957
9,"Primary Analysis","Range",10,23,0.434782608695652
9,"Primary Analysis","Censored",6,16,0.375
9,"Primary Analysis","Bucketed",8,23,0.347826086956522
10,"Comparator","Total",11,24,0.458333333333333
10,"Comparator","Range",21,24,0.875
10,"Comparator","Censored",11,24,0.458333333333333
10,"Comparator","Bucketed",21,24,0.875
