trial_order,trial,citation,doi
1,Barcelo (2010),Barcelo A et al. Using collaborative learning to improve diabetes care and outcomes: The VIDA project. Primary Care Diabetes. 2010;4(3):145-153.,10.1016/j.pcd.2010.04.005
2,Brown (1999),Brown JB et al. Effect of clinician communication skills training on patient satisfaction: a randomized controlled trial. Annals of Internal Medicine. 1999;131(11):822-829.,10.7326/0003-4819-131-11-199912070-00004
3,Campbell (2001),Campbell JC et al. An evaluation of a system-change training model to improve emergency department response to battered women. Academic Emergency Medicine. 2001;8(2):131-138.,10.1111/j.1553-2712.2001.tb01277.x
4,Clay-Williams (2013),Clay-Williams R et al. Classroom and simulation team training: a randomized controlled trial. International Journal for Quality in Health Care. 2013.,10.1093/intqhc/mzt027
5,Fransen (2013),Fransen AF et al. Effect of obstetric team training on team performance and medical technical skills: a randomised controlled trial. BJOG: An International Journal of Obstetrics & Gynaecology. 2012;119(11):1387-1393.,10.1111/j.1471-0528.2012.03436.x
6,Frengley (2011),Frengley RW et al. The effect of a simulation-based training intervention on the performance of established critical care unit teams. Critical Care Medicine. 2011.,10.1097/CCM.0b013e3182282a98
7,Fritz (2017),Fritz J et al. Can a simulation-based training program impact the use of evidence based routine practices at birth? Results of a hospital-based cluster randomized trial in Mexico. PLOS ONE. 2017;12(3):e0172623.,10.1371/journal.pone.0172623
8,Fukui (2019),Fukui S et al. Effect of a multidisciplinary end-of-life educational intervention on health and social care professionals: a cluster randomized controlled trial. PLOS ONE. 2019;14(8):e0219589.,10.1371/journal.pone.0219589
9,Helitzer (2011),Helitzer DL et al. A randomized controlled trial of communication training with primary care providers to improve patient-centeredness and health risk communication. Patient Education and Counseling. 2011;82(1):21-29.,10.1016/j.pec.2010.01.021
10,Koerner (2014),Koerner M et al. A multicentre cluster-randomized controlled study to evaluate a train-the-trainer programme for implementing internal and external participation in medical rehabilitation. Clinical Rehabilitation. 2014;28(1):20-35.,10.1177/0269215513494874
11,Languerrand (2020),Lenguerrand E et al. Effect of hands-on interprofessional simulation training for local emergencies in Scotland: the THISTLE stepped-wedge design randomised controlled trial. BMJ Quality & Safety. 2020;29(2):122-134.,10.1136/bmjqs-2018-008625
12,Nielsen (2007),Nielsen PE et al. Effects of teamwork training on adverse outcomes and process of care in labor and delivery: a randomized controlled trial. Obstetrics & Gynecology. 2007;109(1):48-55.,10.1097/01.AOG.0000250900.53126.C2
13,Pasay (2019),Pasay DK et al. Antimicrobial stewardship in rural nursing homes: impact of interprofessional education and clinical decision tool implementation on urinary tract infection treatment in a cluster randomized trial. Infection Control & Hospital Epidemiology. 2019.,10.1017/ice.2019.9
14,Pieper (2016),Pieper MJC et al. Effects of a stepwise multidisciplinary intervention for challenging behavior in advanced dementia: a cluster randomized controlled trial. Journal of the American Geriatrics Society. 2016;64(2):261-269.,10.1111/jgs.13868
15,Riley (2011),Riley W et al. Didactic and simulation nontechnical skills team training to improve perinatal patient outcomes in a community hospital. Joint Commission Journal on Quality and Patient Safety. 2011.,10.1016/S1553-7250(11)37046-8
16,Robling (2012),Robling M et al. The effect of the Talking Diabetes consulting skills intervention on glycaemic control and quality of life in children with type 1 diabetes: cluster randomised controlled trial (DEPICTED study). BMJ. 2012;344:e2359.,10.1136/bmj.e2359
17,Romjin (2019),Romijn A et al. Effect of a cluster randomised team training intervention on adverse perinatal and maternal outcomes: a stepped wedge study. BJOG: An International Journal of Obstetrics & Gynaecology. 2019;126(7):907-914.,10.1111/1471-0528.15611
18,Sagahutu (2020),Sagahutu JB et al. The impact of a training programme incorporating the conceptual framework of the International Classification of Functioning (ICF) on behaviour regarding interprofessional practice in Rwandan health professionals: a cluster randomized control trial. PLOS ONE. 2020;15(2):e0226247.,10.1371/journal.pone.0226247
19,Sorensen (2015),Sørensen JL et al. Simulation-based multiprofessional obstetric anaesthesia training conducted in situ versus off-site leads to similar individual and team outcomes: a randomised educational trial. BMJ Open. 2015;5:e008344.,10.1136/bmjopen-2015-008344
20,Strasser (2008),Strasser DC et al. Team training and stroke rehabilitation outcomes: a cluster randomized trial. Archives of Physical Medicine and Rehabilitation. 2008;89(1):10-15.,10.1016/j.apmr.2007.08.127
21,Strauven (2019),Strauven G et al. Cluster-controlled trial of an intervention to improve prescribing in nursing homes study. Journal of the American Medical Directors Association. 2019;20(11):1404-1411.,10.1016/j.jamda.2019.06.006
22,Thompson (2000A),Thompson C et al. Effects of a clinical-practice guideline and practice-based education on detection and outcome of depression in primary care: Hampshire Depression Project randomised controlled trial. Lancet. 2000;355(9199):185-191.,10.1016/S0140-6736(99)03171-2
23,Thompson (2000B),Thompson RS et al. Identification and management of domestic violence: a randomized trial. American Journal of Preventive Medicine. 2000;19(4):253-263.,10.1016/S0749-3797(00)00231-2
24,Zattoni (2017),Zattoni F et al. Development of a surgical safety training program and checklist for conversion during robotic partial nephrectomies. Urology. 2017.,10.1016/j.urology.2017.06.057
